,rollout/ep_rew_mean,rollout/success rate,time/fps,train/actor_loss,train/critic_loss,train/ent_coef,train/ent_coef_loss,train/learning_rate,eval/mean_ep_length,eval/mean_reward,eval/success_rate,rollout/ep_len_mean
0,-25.955076217651367,0.0,84.0,-6.10915994644165,0.0670711025595665,0.9647897481918335,-0.1805599331855774,9.999999747378752e-05,115.0,-25.149211883544922,0.0,115.0
1,-24.57439613342285,0.0,75.0,-9.368485450744629,1.1970324516296387,0.9214131832122803,-0.4134073555469513,9.999999747378752e-05,115.0,-25.590749740600586,0.0,115.0
2,-21.781200408935547,0.0,62.0,-12.58092975616455,1.6590583324432373,0.879988968372345,-0.6474179029464722,9.999999747378752e-05,115.0,-24.920223236083984,0.0,115.0
3,-22.001344680786133,0.0,63.0,-15.288248062133789,0.9412469267845154,0.8404367566108704,-0.8738726377487183,9.999999747378752e-05,115.0,-23.17613983154297,0.0,115.0
4,-22.386856079101562,0.0,60.0,-18.01404571533203,2.2313485145568848,0.8026769161224365,-1.1078758239746094,9.999999747378752e-05,115.0,-23.52328872680664,0.0,115.0
5,-22.120126724243164,0.0,61.0,-19.932348251342773,1.5635589361190796,0.7666226029396057,-1.3370449542999268,9.999999747378752e-05,115.0,-26.85013771057129,0.0,115.0
6,-22.108030319213867,0.0,59.0,-22.380910873413086,4.406644821166992,0.7322266101837158,-1.565017819404602,9.999999747378752e-05,115.0,-23.15522003173828,0.0,115.0
7,-23.02877426147461,0.0,60.0,-24.029388427734375,2.1909942626953125,0.6993843913078308,-1.7786333560943604,9.999999747378752e-05,115.0,-28.594554901123047,0.0,115.0
8,-23.336368560791016,0.0,59.0,-25.572904586791992,6.831560134887695,0.6680489182472229,-2.022435188293457,9.999999747378752e-05,115.0,-40.816104888916016,0.0,115.0
9,-23.899904251098633,0.0,59.0,-27.000532150268555,5.1292524337768555,0.6381601691246033,-2.2368009090423584,9.999999747378752e-05,115.0,-35.75277328491211,0.0,115.0
10,-23.941604614257812,0.0,58.0,-28.813209533691406,6.406337738037109,0.609562873840332,-2.4258453845977783,9.999999747378752e-05,115.0,-32.7932014465332,0.0,115.0
11,-23.738468170166016,0.0,58.0,-29.549108505249023,5.015514850616455,0.5822327733039856,-2.721004009246826,9.999999747378752e-05,115.0,-38.61328887939453,0.0,115.0
12,-24.061744689941406,0.0,58.0,-30.9730167388916,2.9423232078552246,0.5561329126358032,-2.9360339641571045,9.999999747378752e-05,115.0,-37.027732849121094,0.0,115.0
13,-24.037513732910156,0.0,57.0,-31.52404022216797,5.405202865600586,0.5311989188194275,-3.180518627166748,9.999999747378752e-05,115.0,-33.30536651611328,0.0,115.0
14,-23.725820541381836,0.0,58.0,-31.824636459350586,4.078031063079834,0.5073177218437195,-3.4012744426727295,9.999999747378752e-05,115.0,-34.09373474121094,0.0,115.0
15,-23.88494873046875,0.0,57.0,-32.35451889038086,2.193023681640625,0.4845980107784271,-3.5984485149383545,9.999999747378752e-05,115.0,-33.68357467651367,0.0,115.0
16,-24.096744537353516,0.0,58.0,-32.362430572509766,3.5071568489074707,0.46292170882225037,-3.8511016368865967,9.999999747378752e-05,115.0,-33.123111724853516,0.0,115.0
17,-24.218355178833008,0.0,57.0,-33.10929489135742,8.01754379272461,0.4423019289970398,-4.009079933166504,9.999999747378752e-05,115.0,-58.94013214111328,0.0,115.0
18,-24.191661834716797,0.0,58.0,-33.02253723144531,10.31937026977539,0.42272061109542847,-4.065803050994873,9.999999747378752e-05,115.0,-46.8342399597168,0.0,115.0
19,-24.608718872070312,0.0,57.0,-33.3275032043457,4.513378143310547,0.4039904475212097,-4.2557759284973145,9.999999747378752e-05,115.0,-24.06026268005371,0.0,115.0
20,-25.05624771118164,0.0,58.0,-32.9590950012207,10.584901809692383,0.38623446226119995,-4.50793981552124,9.999999747378752e-05,115.0,-36.85479736328125,0.0,115.0
21,-25.352317810058594,0.0,57.0,-32.596397399902344,4.852852821350098,0.3692153990268707,-4.652553081512451,9.999999747378752e-05,115.0,-39.93450164794922,0.0,115.0
22,-25.822126388549805,0.0,58.0,-32.47410202026367,11.70772647857666,0.35311129689216614,-4.59071159362793,9.999999747378752e-05,115.0,-25.96343421936035,0.0,115.0
23,-26.339855194091797,0.0,57.0,-32.62063980102539,4.1987104415893555,0.3377493917942047,-4.8972883224487305,9.999999747378752e-05,115.0,-22.490650177001953,0.0,115.0
24,-26.709814071655273,0.0,58.0,-32.964168548583984,11.059852600097656,0.3230592608451843,-4.793989181518555,9.999999747378752e-05,115.0,-25.738765716552734,0.0,115.0
25,-27.20975112915039,0.0,58.0,-33.93647766113281,2.4390645027160645,0.30913734436035156,-5.180086612701416,9.999999747378752e-05,115.0,-27.030933380126953,0.0,115.0
26,-27.766704559326172,0.0,58.0,-32.833133697509766,7.009216785430908,0.2957542836666107,-5.198911666870117,9.999999747378752e-05,115.0,-24.954275131225586,0.0,115.0
27,-28.56931495666504,0.0,58.0,-31.598974227905273,3.9030425548553467,0.28309696912765503,-5.446464538574219,9.999999747378752e-05,115.0,-23.836572647094727,0.0,115.0
28,-28.92669677734375,0.0,58.0,-30.415775299072266,7.9343414306640625,0.27078232169151306,-4.853429317474365,9.999999747378752e-05,115.0,-22.494400024414062,0.0,115.0
29,-29.406572341918945,0.0,58.0,-31.13030242919922,5.480321884155273,0.2589844763278961,-6.219659328460693,9.999999747378752e-05,115.0,-23.952194213867188,0.0,115.0
30,-29.992168426513672,0.0,57.0,-30.95444679260254,0.8553974032402039,0.24777157604694366,-5.937344074249268,9.999999747378752e-05,115.0,-26.11577796936035,0.0,115.0
31,-30.477832794189453,0.0,57.0,-29.32726287841797,5.238083839416504,0.23693282902240753,-5.376834392547607,9.999999747378752e-05,115.0,-25.90238380432129,0.0,115.0
32,-30.754560470581055,0.0,57.0,-30.010116577148438,0.7774304747581482,0.22667530179023743,-6.300943374633789,9.999999747378752e-05,115.0,-31.831378936767578,0.0,115.0
33,-31.134498596191406,0.0,57.0,-27.04090690612793,5.949732780456543,0.21670544147491455,-5.639915466308594,9.999999747378752e-05,115.0,-21.204742431640625,0.0,115.0
34,-31.291152954101562,0.0,57.0,-26.774660110473633,3.60006046295166,0.20724833011627197,-6.001718044281006,9.999999747378752e-05,115.0,-22.49875259399414,0.0,115.0
35,-31.679670333862305,0.0,57.0,-26.82073402404785,2.2367148399353027,0.1981297731399536,-6.311251163482666,9.999999747378752e-05,115.0,-19.8460693359375,0.0,115.0
36,-32.26355743408203,0.0,57.0,-24.388742446899414,2.758579730987549,0.18946987390518188,-6.279382228851318,9.999999747378752e-05,115.0,-19.519723892211914,0.0,115.0
37,-32.708961486816406,0.0,57.0,-24.950265884399414,3.130950450897217,0.18108625710010529,-6.773218631744385,9.999999747378752e-05,115.0,-19.469820022583008,0.0,115.0
38,-33.33771896362305,0.0,57.0,-23.3201904296875,2.7674612998962402,0.1730828583240509,-6.470198631286621,9.999999747378752e-05,115.0,-18.128013610839844,0.0,115.0
39,-35.16448211669922,0.0,57.0,-22.721351623535156,1.4543789625167847,0.16536889970302582,-7.0585856437683105,9.999999747378752e-05,115.0,-20.926578521728516,0.0,115.0
40,-36.088783264160156,0.0,57.0,-21.129741668701172,1.2552311420440674,0.15803326666355133,-7.211140155792236,9.999999747378752e-05,115.0,-24.280380249023438,0.0,115.0
41,-36.403968811035156,0.0,57.0,-21.74307632446289,1.6922471523284912,0.15099075436592102,-6.94035005569458,9.999999747378752e-05,115.0,-21.5692138671875,0.0,115.0
42,-36.723445892333984,0.0,57.0,-19.06523323059082,2.4966020584106445,0.14433474838733673,-7.317963600158691,9.999999747378752e-05,115.0,-23.503015518188477,0.0,115.0
43,-36.89131164550781,0.0,57.0,-18.756433486938477,4.003200054168701,0.1380886435508728,-7.4229912757873535,9.999999747378752e-05,115.0,-23.451396942138672,0.0,115.0
44,-37.03263854980469,0.0,57.0,-18.569665908813477,2.3702099323272705,0.13199304044246674,-7.236809730529785,9.999999747378752e-05,115.0,-21.106237411499023,0.0,115.0
45,-37.28392791748047,0.0,57.0,-17.211759567260742,1.4517316818237305,0.12626869976520538,-7.514646053314209,9.999999747378752e-05,115.0,-15.550326347351074,0.0,115.0
46,-37.557395935058594,0.0,57.0,-16.36298942565918,4.984197616577148,0.12087616324424744,-7.105584621429443,9.999999747378752e-05,115.0,-14.527366638183594,0.0,115.0
47,-37.770423889160156,0.0,57.0,-15.132288932800293,1.3102498054504395,0.11557766050100327,-6.9671549797058105,9.999999747378752e-05,115.0,-12.075557708740234,0.0,115.0
48,-37.641502380371094,0.0,57.0,-17.0496826171875,1.9470031261444092,0.1105118840932846,-8.216708183288574,9.999999747378752e-05,115.0,-10.6978759765625,0.0,115.0
49,-37.36927795410156,0.0,57.0,-15.414189338684082,2.1165289878845215,0.10557373613119125,-7.453306674957275,9.999999747378752e-05,115.0,-10.732644081115723,0.0,115.0
50,-36.93083572387695,0.0,57.0,-14.925386428833008,1.1552882194519043,0.10082735121250153,-7.876566410064697,9.999999747378752e-05,115.0,-10.828588485717773,0.0,115.0
51,-36.486419677734375,0.0,57.0,-14.545209884643555,1.1519722938537598,0.09629933536052704,-8.977766990661621,9.999999747378752e-05,115.0,-8.937555313110352,0.0,115.0
52,-36.180091857910156,0.0,57.0,-14.376386642456055,0.7312750816345215,0.09203419834375381,-8.030467987060547,9.999999747378752e-05,115.0,-9.807952880859375,0.0,115.0
53,-35.999019622802734,0.0,57.0,-13.62559986114502,2.5208897590637207,0.08796664327383041,-8.334735870361328,9.999999747378752e-05,115.0,-9.65959358215332,0.0,115.0
54,-35.54487228393555,0.0,57.0,-12.395398139953613,1.7761050462722778,0.08412060886621475,-7.842174530029297,9.999999747378752e-05,115.0,-8.760214805603027,0.0,115.0
55,-35.125709533691406,0.0,57.0,-12.466764450073242,0.7084057331085205,0.08043892681598663,-8.611616134643555,9.999999747378752e-05,115.0,-9.260160446166992,0.0,115.0
56,-34.79191970825195,0.0,57.0,-12.302873611450195,1.6276620626449585,0.07692833989858627,-7.883988857269287,9.999999747378752e-05,115.0,-6.745453834533691,0.0,115.0
57,-34.35264205932617,0.0,57.0,-9.44127368927002,1.586543083190918,0.07358677685260773,-7.01638650894165,9.999999747378752e-05,115.0,-4.516058921813965,0.5,115.0
58,-33.9527473449707,0.0,57.0,-11.276785850524902,1.2644323110580444,0.07043338567018509,-7.82036828994751,9.999999747378752e-05,115.0,-4.505073070526123,0.5,115.0
59,-33.6531867980957,0.0,57.0,-9.806489944458008,1.4884169101715088,0.06737563014030457,-7.683530807495117,9.999999747378752e-05,115.0,-4.2252607345581055,0.10000000149011612,115.0
60,-33.27061462402344,0.0,57.0,-8.67410945892334,1.188438892364502,0.06449779868125916,-7.310018062591553,9.999999747378752e-05,115.0,-4.052953243255615,0.20000000298023224,115.0
61,-32.85448455810547,0.0,57.0,-9.58280086517334,1.9971892833709717,0.06173736974596977,-7.669724941253662,9.999999747378752e-05,115.0,-5.32355260848999,0.0,115.0
62,-32.19750213623047,0.0,57.0,-9.849685668945312,1.3426973819732666,0.05904611572623253,-8.62724781036377,9.999999747378752e-05,115.0,-4.3950042724609375,0.0,115.0
63,-31.574819564819336,0.0,57.0,-9.025911331176758,1.517651081085205,0.056476980447769165,-8.721613883972168,9.999999747378752e-05,115.0,-4.917649269104004,0.0,115.0
64,-29.88547134399414,0.0,57.0,-7.665691375732422,1.8761060237884521,0.054020874202251434,-8.342260360717773,9.999999747378752e-05,115.0,-5.928232669830322,0.0,115.0
65,-28.869686126708984,0.0,57.0,-8.05402660369873,1.224390983581543,0.051685817539691925,-8.130159378051758,9.999999747378752e-05,115.0,-6.1600446701049805,0.0,115.0
66,-28.284345626831055,0.0,57.0,-7.934203147888184,2.1060118675231934,0.04941843822598457,-8.720844268798828,9.999999747378752e-05,115.0,-4.783343315124512,0.0,115.0
67,-27.990459442138672,0.0,57.0,-5.9233880043029785,0.5807410478591919,0.04732730984687805,-6.557777404785156,9.999999747378752e-05,115.0,-5.219112396240234,0.6000000238418579,115.0
68,-27.945476531982422,0.0,57.0,-6.331391334533691,1.6180505752563477,0.045277517288923264,-7.738955020904541,9.999999747378752e-05,115.0,-5.323973655700684,0.10000000149011612,115.0
69,-27.631591796875,0.0,57.0,-6.565662860870361,0.9187355041503906,0.0433335080742836,-7.304760456085205,9.999999747378752e-05,115.0,-4.772064208984375,1.0,115.0
70,-27.182331085205078,0.0,57.0,-6.402742862701416,0.4956938624382019,0.041530076414346695,-7.893199920654297,9.999999747378752e-05,115.0,-4.490667819976807,0.0,115.0
71,-26.989091873168945,0.0,57.0,-4.8841938972473145,0.8358412981033325,0.03978738188743591,-7.556882858276367,9.999999747378752e-05,115.0,-3.3032689094543457,0.30000001192092896,115.0
72,-26.736190795898438,0.0,57.0,-5.602158069610596,0.4955939054489136,0.038091689348220825,-8.078166007995605,9.999999747378752e-05,115.0,-4.6533098220825195,0.10000000149011612,115.0
73,-26.560205459594727,0.0,57.0,-4.8235015869140625,0.4827727973461151,0.03648349642753601,-7.837602138519287,9.999999747378752e-05,115.0,-3.7738451957702637,0.20000000298023224,115.0
74,-26.693124771118164,0.0,57.0,-4.900765419006348,0.8684437274932861,0.0349917896091938,-7.040067672729492,9.999999747378752e-05,115.0,-3.6113533973693848,0.0,115.0
75,-26.68843650817871,0.0,57.0,-4.936290740966797,1.4703705310821533,0.033574867993593216,-7.430486679077148,9.999999747378752e-05,115.0,-3.4288973808288574,0.20000000298023224,115.0
76,-26.629959106445312,0.0,57.0,-4.210063457489014,0.44020766019821167,0.03220376744866371,-6.111307144165039,9.999999747378752e-05,115.0,-4.93198823928833,0.30000001192092896,115.0
77,-26.372406005859375,0.0,57.0,-3.9624781608581543,0.8185827732086182,0.030906477943062782,-5.9127068519592285,9.999999747378752e-05,115.0,-2.681562900543213,1.0,115.0
78,-26.10787582397461,0.0,57.0,-3.2691595554351807,0.6563131809234619,0.029629604890942574,-5.191443920135498,9.999999747378752e-05,115.0,-3.5928242206573486,0.699999988079071,115.0
79,-25.9371280670166,0.0,57.0,-3.8483734130859375,0.38796910643577576,0.02840254083275795,-6.288211345672607,9.999999747378752e-05,115.0,-3.4233107566833496,1.0,115.0
80,-25.72663688659668,0.0,57.0,-2.3602752685546875,0.5784133076667786,0.027235122397542,-4.995725631713867,9.999999747378752e-05,115.0,-3.3915481567382812,1.0,115.0
81,-25.5407772064209,0.0,57.0,-2.542473316192627,0.39990872144699097,0.02607330121099949,-6.303348064422607,9.999999747378752e-05,115.0,-3.181626558303833,0.800000011920929,115.0
82,-25.300655364990234,0.0,57.0,-2.8865835666656494,0.5493979454040527,0.024974223226308823,-5.8915886878967285,9.999999747378752e-05,115.0,-3.7708687782287598,1.0,115.0
83,-25.0904598236084,0.0,57.0,-2.3530266284942627,0.41957712173461914,0.02390534244477749,-6.221337795257568,9.999999747378752e-05,115.0,-2.4026904106140137,1.0,115.0
84,-24.87362289428711,0.0,57.0,-2.407111406326294,0.5969009399414062,0.0228723231703043,-6.728180885314941,9.999999747378752e-05,115.0,-3.3823394775390625,0.800000011920929,115.0
85,-24.66942596435547,0.0,57.0,-1.9979976415634155,0.3834953308105469,0.021867578849196434,-6.298332214355469,9.999999747378752e-05,115.0,-3.289442777633667,1.0,115.0
86,-24.4537296295166,0.0,57.0,-1.2320541143417358,0.28086161613464355,0.020899593830108643,-5.09674596786499,9.999999747378752e-05,115.0,-2.5299360752105713,1.0,115.0
87,-24.369422912597656,0.0,57.0,-1.1931312084197998,0.23079556226730347,0.019951578229665756,-6.72181510925293,9.999999747378752e-05,115.0,-2.570950984954834,1.0,115.0
88,-24.242544174194336,0.0,57.0,-0.26786521077156067,0.23284012079238892,0.019080279394984245,-5.734408378601074,9.999999747378752e-05,115.0,-2.779198169708252,1.0,115.0
89,-24.2939510345459,0.0,57.0,-0.521104633808136,0.17233964800834656,0.01824682392179966,-7.618582725524902,9.999999747378752e-05,115.0,-2.7251861095428467,0.10000000149011612,115.0
90,-24.25692367553711,0.0,57.0,-0.6723235845565796,0.3540094792842865,0.017459670081734657,-7.741811275482178,9.999999747378752e-05,115.0,-3.6056694984436035,0.6000000238418579,115.0
91,-24.393409729003906,0.0,57.0,-0.33695730566978455,0.18904003500938416,0.016718370839953423,-5.9046196937561035,9.999999747378752e-05,115.0,-2.9410054683685303,0.10000000149011612,115.0
92,-24.360445022583008,0.0,57.0,0.1728305220603943,0.6132491827011108,0.016018373891711235,-6.142066478729248,9.999999747378752e-05,115.0,-2.687685012817383,1.0,115.0
93,-24.229475021362305,0.0,57.0,0.871661901473999,0.14569345116615295,0.015368335880339146,-5.483983039855957,9.999999747378752e-05,115.0,-4.094552516937256,0.699999988079071,115.0
94,-24.017059326171875,0.0,57.0,0.5356582999229431,0.11471398919820786,0.01473955251276493,-5.677526950836182,9.999999747378752e-05,115.0,-4.2333478927612305,0.30000001192092896,115.0
95,-23.82646369934082,0.0,57.0,0.7492262125015259,0.12986037135124207,0.014138255268335342,-5.485901832580566,9.999999747378752e-05,115.0,-2.5574917793273926,1.0,115.0
96,-23.440732955932617,0.0,57.0,1.458271861076355,0.10262104123830795,0.013575229793787003,-2.968783140182495,9.999999747378752e-05,115.0,-2.6561098098754883,0.8999999761581421,115.0
97,-22.918155670166016,0.0,57.0,2.289015531539917,0.19214732944965363,0.013024820014834404,-4.9705915451049805,9.999999747378752e-05,115.0,-3.510568141937256,0.0,115.0
98,-22.529699325561523,0.0,57.0,1.4144445657730103,0.14724639058113098,0.01246150117367506,-6.41737174987793,9.999999747378752e-05,115.0,-2.4702675342559814,1.0,115.0
99,-22.0338134765625,0.0,57.0,1.9694582223892212,0.0874355137348175,0.011952304281294346,-3.572817325592041,9.999999747378752e-05,115.0,-2.678260087966919,0.800000011920929,115.0
100,-21.615432739257812,0.0,57.0,1.8779135942459106,0.14252375066280365,0.011480554938316345,-5.935790061950684,9.999999747378752e-05,115.0,-2.7954461574554443,1.0,115.0
101,-21.24977684020996,0.0,57.0,2.3438360691070557,0.04075833782553673,0.010996842756867409,-4.60209321975708,9.999999747378752e-05,115.0,-2.7101569175720215,0.8999999761581421,115.0
102,-20.910978317260742,0.0,57.0,2.588063955307007,0.12972880899906158,0.01055685244500637,-5.4007768630981445,9.999999747378752e-05,115.0,-2.8507180213928223,1.0,115.0
103,-20.525554656982422,0.0,57.0,2.5344629287719727,0.147213876247406,0.01014794409275055,-5.189821243286133,9.999999747378752e-05,115.0,-3.4614005088806152,1.0,115.0
104,-20.132909774780273,0.0,57.0,3.0095913410186768,0.06617110967636108,0.009784442372620106,-3.5529818534851074,9.999999747378752e-05,115.0,-2.2071988582611084,0.699999988079071,115.0
105,-19.755996704101562,0.0,57.0,3.1564056873321533,0.03738752752542496,0.009454960003495216,-1.565807580947876,9.999999747378752e-05,115.0,-2.6840386390686035,1.0,115.0
106,-19.34083366394043,0.0,57.0,2.9504196643829346,0.22004109621047974,0.009153877384960651,-2.12382173538208,9.999999747378752e-05,115.0,-2.634345531463623,1.0,115.0
107,-19.058748245239258,0.0,57.0,3.740993022918701,0.03198470175266266,0.008899146690964699,-3.016303539276123,9.999999747378752e-05,115.0,-2.151732921600342,1.0,115.0
108,-18.759889602661133,0.0,57.0,2.957456588745117,0.09574610739946365,0.008634217083454132,-0.8424781560897827,9.999999747378752e-05,115.0,-2.9486067295074463,1.0,115.0
109,-18.426008224487305,0.0,57.0,3.2247731685638428,0.05990627035498619,0.008413570933043957,-2.0568606853485107,9.999999747378752e-05,115.0,-2.1409924030303955,1.0,115.0
110,-18.1239070892334,0.0,57.0,3.3377654552459717,0.03548763692378998,0.00819013174623251,-2.4149513244628906,9.999999747378752e-05,115.0,-2.0941824913024902,1.0,115.0
111,-17.726449966430664,0.0,57.0,3.521690845489502,0.08756066858768463,0.007956189103424549,1.2762502431869507,9.999999747378752e-05,115.0,-1.9284565448760986,1.0,115.0
112,-17.303918838500977,0.0,57.0,3.3594164848327637,0.021570254117250443,0.007691327016800642,-2.0706613063812256,9.999999747378752e-05,115.0,-2.1412575244903564,0.20000000298023224,115.0
113,-16.862646102905273,0.0,57.0,3.4053783416748047,0.011367134749889374,0.007421920541673899,-3.540560245513916,9.999999747378752e-05,115.0,-2.673213481903076,1.0,115.0
114,-16.257003784179688,0.0,57.0,3.687696695327759,0.009220940992236137,0.007130967918783426,-1.837221384048462,9.999999747378752e-05,115.0,-2.867262363433838,0.8999999761581421,115.0
115,-15.700905799865723,0.0,57.0,3.8842546939849854,0.020454537123441696,0.006855142302811146,-0.7512516379356384,9.999999747378752e-05,115.0,-2.162407636642456,1.0,115.0
116,-15.074247360229492,0.0,57.0,3.7464170455932617,0.07552245259284973,0.006598486099392176,-2.832562208175659,9.999999747378752e-05,115.0,-2.3950281143188477,1.0,115.0
117,-14.419440269470215,0.0,57.0,3.91503643989563,0.023047177121043205,0.006364860106259584,-1.0123622417449951,9.999999747378752e-05,115.0,-2.3751819133758545,1.0,115.0
118,-13.8589448928833,0.0,57.0,3.7826406955718994,0.019564606249332428,0.006112142000347376,-2.4750802516937256,9.999999747378752e-05,115.0,-1.9226077795028687,1.0,115.0
119,-13.342656135559082,0.0,57.0,3.8800740242004395,0.006163199432194233,0.005888647399842739,-1.798675537109375,9.999999747378752e-05,115.0,-2.883695602416992,1.0,115.0
120,-12.758050918579102,0.0,57.0,4.077280521392822,0.02810187265276909,0.005673806648701429,0.11653690040111542,9.999999747378752e-05,115.0,-1.94563889503479,0.6000000238418579,115.0
121,-12.183879852294922,0.0,57.0,4.024381160736084,0.007006380707025528,0.005470671225339174,-1.4105898141860962,9.999999747378752e-05,115.0,-2.775177478790283,1.0,115.0
122,-11.655889511108398,0.0,57.0,3.8645548820495605,0.008796644397079945,0.005258504766970873,-1.8734866380691528,9.999999747378752e-05,115.0,-2.3158552646636963,1.0,115.0
123,-11.125017166137695,0.0,57.0,3.878218650817871,0.027452360838651657,0.0050795250572264194,-1.1859440803527832,9.999999747378752e-05,115.0,-1.8114473819732666,1.0,115.0
124,-10.631265640258789,0.0,57.0,3.9379308223724365,0.009049909189343452,0.004920700564980507,-2.1599502563476562,9.999999747378752e-05,115.0,-2.096423625946045,1.0,115.0
125,-10.164632797241211,0.009999999776482582,57.0,3.838127374649048,0.007230911869555712,0.004767858423292637,-1.425865888595581,9.999999747378752e-05,115.0,-1.8004605770111084,1.0,115.0
126,-9.723710060119629,0.019999999552965164,57.0,3.7772295475006104,0.01627223938703537,0.004666042514145374,-2.0443344116210938,9.999999747378752e-05,115.0,-2.017045497894287,1.0,115.0
127,-9.347152709960938,0.029999999329447746,57.0,3.867495536804199,0.010143909603357315,0.004566519986838102,-0.19262970983982086,9.999999747378752e-05,115.0,-1.8035675287246704,1.0,115.0
128,-9.097308158874512,0.03999999910593033,57.0,3.62903094291687,0.016896210610866547,0.00450248084962368,-2.843139886856079,9.999999747378752e-05,115.0,-2.2799599170684814,1.0,115.0
129,-8.836825370788574,0.05999999865889549,57.0,3.6319525241851807,0.005694376304745674,0.004424898885190487,-1.919687032699585,9.999999747378752e-05,115.0,-2.097174882888794,1.0,115.0
130,-8.585466384887695,0.07999999821186066,57.0,3.792241096496582,0.004638488404452801,0.004326221067458391,-0.2074427604675293,9.999999747378752e-05,115.0,-2.1313905715942383,1.0,115.0
131,-8.317178726196289,0.10000000149011612,57.0,3.7468831539154053,0.008787190541625023,0.004252000246196985,1.2703088521957397,9.999999747378752e-05,115.0,-1.6151010990142822,1.0,115.0
132,-7.996354579925537,0.10000000149011612,57.0,3.600468635559082,0.004794376902282238,0.004163570236414671,0.7683209180831909,9.999999747378752e-05,115.0,-3.003916025161743,1.0,115.0
133,-7.660270690917969,0.10999999940395355,57.0,3.460712432861328,0.006222058087587357,0.004107736516743898,1.0777114629745483,9.999999747378752e-05,115.0,-2.0746676921844482,1.0,115.0
134,-7.378748416900635,0.10999999940395355,57.0,3.3680882453918457,0.009431034326553345,0.004033702425658703,0.002007570117712021,9.999999747378752e-05,115.0,-1.759892225265503,0.800000011920929,115.0
135,-7.084090709686279,0.10999999940395355,57.0,3.445620059967041,0.0054640695452690125,0.003930684179067612,-0.44665130972862244,9.999999747378752e-05,115.0,-1.6134254932403564,1.0,115.0
136,-6.84141731262207,0.10999999940395355,57.0,3.342275619506836,0.0035029950086027384,0.0038673332892358303,-1.1792923212051392,9.999999747378752e-05,115.0,-1.6536884307861328,1.0,115.0
137,-6.638740539550781,0.10999999940395355,57.0,3.2008213996887207,0.016927726566791534,0.0038377935998141766,-1.302767276763916,9.999999747378752e-05,115.0,-2.489651918411255,1.0,115.0
138,-6.456987380981445,0.10999999940395355,58.0,3.3320605754852295,0.005726165138185024,0.0038135696668177843,-0.3272373080253601,9.999999747378752e-05,115.0,-2.788613796234131,1.0,115.0
139,-6.299646854400635,0.10999999940395355,57.0,3.143756151199341,0.008500667288899422,0.0037710964679718018,-1.7784916162490845,9.999999747378752e-05,115.0,-1.6316602230072021,1.0,115.0
140,-6.145572662353516,0.10999999940395355,58.0,3.1866180896759033,0.005832555703818798,0.003754596458747983,-0.6943655014038086,9.999999747378752e-05,115.0,-1.674276351928711,1.0,115.0
141,-6.019056797027588,0.10999999940395355,57.0,3.116257905960083,0.006124516017735004,0.003727330593392253,-1.1270625591278076,9.999999747378752e-05,115.0,-2.5021660327911377,1.0,115.0
142,-5.844593524932861,0.10999999940395355,58.0,3.0320217609405518,0.00582965137436986,0.003715453902259469,0.5565818548202515,9.999999747378752e-05,115.0,-1.8820184469223022,1.0,115.0
143,-5.682211399078369,0.10999999940395355,57.0,2.8354077339172363,0.01657150313258171,0.0036802117247134447,-0.8744922280311584,9.999999747378752e-05,115.0,-1.7082113027572632,1.0,115.0
144,-5.510687828063965,0.10999999940395355,58.0,2.949841260910034,0.025617841631174088,0.00362246111035347,0.06199180334806442,9.999999747378752e-05,115.0,-1.7354148626327515,1.0,115.0
145,-5.336698055267334,0.10999999940395355,57.0,2.7531230449676514,0.012049696408212185,0.0036027610767632723,0.306874543428421,9.999999747378752e-05,115.0,-1.838191270828247,0.0,115.0
146,-5.172772407531738,0.10999999940395355,58.0,2.7204580307006836,0.011495079845190048,0.003545816522091627,0.6183134913444519,9.999999747378752e-05,115.0,-1.5669151544570923,1.0,115.0
147,-5.015836238861084,0.10999999940395355,57.0,2.8365581035614014,0.028525065630674362,0.0034832500386983156,-1.0593745708465576,9.999999747378752e-05,115.0,-2.672360897064209,1.0,115.0
148,-4.902982711791992,0.11999999731779099,58.0,2.798532009124756,0.017035141587257385,0.0034387819468975067,-0.49348026514053345,9.999999747378752e-05,115.0,-1.5381044149398804,1.0,115.0
149,-4.8024725914001465,0.14000000059604645,57.0,2.624661922454834,0.010877447202801704,0.0033974340185523033,1.7394986152648926,9.999999747378752e-05,115.0,-1.5874884128570557,1.0,115.0
150,-4.764840602874756,0.14000000059604645,58.0,2.7181897163391113,0.004656052216887474,0.0033423795830458403,-1.1921931505203247,9.999999747378752e-05,115.0,-1.5792876482009888,1.0,115.0
151,-4.773661136627197,0.12999999523162842,58.0,2.6391584873199463,0.0051215048879384995,0.0033077383413910866,-0.9652242660522461,9.999999747378752e-05,115.0,-2.682121515274048,1.0,115.0
152,-4.7736005783081055,0.12999999523162842,58.0,2.520139694213867,0.004272923804819584,0.003246592590585351,-3.0142853260040283,9.999999747378752e-05,115.0,-2.0822198390960693,1.0,115.0
153,-4.77321720123291,0.12999999523162842,58.0,2.7729458808898926,0.0052707018330693245,0.0031818838324397802,-1.651950478553772,9.999999747378752e-05,,,,115.0
154,-4.778614521026611,0.12999999523162842,57.0,2.479672431945801,0.002523972187191248,0.0031222801189869642,-0.4821331799030304,9.999999747378752e-05,,,,115.0
155,-4.790475845336914,0.11999999731779099,58.0,2.45727276802063,0.055656686425209045,0.0030720611102879047,-1.2740824222564697,9.999999747378752e-05,,,,115.0
156,-4.785985946655273,0.10999999940395355,58.0,2.459291934967041,0.013072255998849869,0.00302052590996027,-0.927945613861084,9.999999747378752e-05,,,,115.0
157,-4.780951976776123,0.12999999523162842,58.0,2.500195264816284,0.005769471637904644,0.0029836224857717752,2.1121115684509277,9.999999747378752e-05,,,,115.0
158,-4.785879135131836,0.12999999523162842,57.0,2.4261865615844727,0.0056410012766718864,0.002935175783932209,-1.1667859554290771,9.999999747378752e-05,,,,115.0
159,-4.777039051055908,0.14000000059604645,58.0,2.6270768642425537,0.0051853246986866,0.0028814158868044615,2.2126126289367676,9.999999747378752e-05,,,,115.0
160,-4.756059169769287,0.1599999964237213,58.0,2.39711856842041,0.010850995779037476,0.0028459676541388035,-1.0408393144607544,9.999999747378752e-05,,,,115.0
161,-4.7326130867004395,0.1599999964237213,58.0,2.324770212173462,0.003600367112085223,0.0028099638875573874,-0.08143865317106247,9.999999747378752e-05,,,,115.0
162,-4.705848693847656,0.1599999964237213,58.0,2.4517288208007812,0.0027817331720143557,0.0027960019651800394,-0.7246283292770386,9.999999747378752e-05,,,,115.0
163,-4.657405376434326,0.17000000178813934,58.0,2.4125823974609375,0.0032016090117394924,0.002764748176559806,1.1938344240188599,9.999999747378752e-05,,,,115.0
164,-4.614069938659668,0.18000000715255737,58.0,2.3213000297546387,0.0031841006129980087,0.002750423504039645,0.1256522387266159,9.999999747378752e-05,,,,115.0
165,-4.5614848136901855,0.2199999988079071,58.0,2.3258063793182373,0.0028942464850842953,0.0027304459363222122,0.19225578010082245,9.999999747378752e-05,,,,115.0
166,-4.490379333496094,0.23000000417232513,58.0,2.3155577182769775,0.003143440466374159,0.002705754479393363,0.12482831627130508,9.999999747378752e-05,,,,115.0
167,-4.425960063934326,0.25,58.0,2.366643190383911,0.0023969504982233047,0.0026969541795551777,-1.0481353998184204,9.999999747378752e-05,,,,115.0
168,-4.348614692687988,0.25,58.0,2.3272738456726074,0.0030545643530786037,0.002670994494110346,-0.44688382744789124,9.999999747378752e-05,,,,115.0
169,-4.253652095794678,0.28999999165534973,58.0,2.3261289596557617,0.0036792464088648558,0.0026743614580482244,0.9130145311355591,9.999999747378752e-05,,,,115.0
170,-4.1803202629089355,0.3199999928474426,58.0,2.342540740966797,0.004182683303952217,0.002676711417734623,-1.7113401889801025,9.999999747378752e-05,,,,115.0
171,-4.102538108825684,0.3499999940395355,58.0,2.2207837104797363,0.0033659476321190596,0.002654756885021925,-1.36492121219635,9.999999747378752e-05,,,,115.0
172,-4.045458793640137,0.3700000047683716,58.0,2.1728875637054443,0.006350568495690823,0.002609573770314455,-0.26049572229385376,9.999999747378752e-05,,,,115.0
173,-3.977778434753418,0.4000000059604645,58.0,2.189556121826172,0.002860280917957425,0.002597680315375328,0.8723884224891663,9.999999747378752e-05,,,,115.0
174,-3.914149284362793,0.41999998688697815,58.0,2.291015386581421,0.002338840626180172,0.002570015611127019,-1.5712532997131348,9.999999747378752e-05,,,,115.0
175,-3.863861560821533,0.4399999976158142,58.0,2.231827735900879,0.004878966603428125,0.0025500727351754904,-0.6410956978797913,9.999999747378752e-05,,,,115.0
176,-3.8084206581115723,0.4699999988079071,58.0,2.1173148155212402,0.0021838489919900894,0.0025396961718797684,0.8377949595451355,9.999999747378752e-05,,,,115.0
177,-3.7673826217651367,0.49000000953674316,58.0,2.1722934246063232,0.0024291337467730045,0.0025508631952106953,-0.9200047254562378,9.999999747378752e-05,,,,115.0
178,-3.712663173675537,0.5099999904632568,58.0,2.12939453125,0.0032787774689495564,0.0025377990677952766,0.18711596727371216,9.999999747378752e-05,,,,115.0
179,-3.679196357727051,0.5099999904632568,58.0,2.09360408782959,0.003597233910113573,0.0025021263863891363,-1.357131004333496,9.999999747378752e-05,,,,115.0
180,-3.641679525375366,0.5299999713897705,58.0,2.2360925674438477,0.0017680688761174679,0.0024693545419722795,-0.7100275754928589,9.999999747378752e-05,,,,115.0
181,-3.6023616790771484,0.550000011920929,58.0,2.0658082962036133,0.012411996722221375,0.002447047270834446,-0.30626752972602844,9.999999747378752e-05,,,,115.0
182,-3.560645818710327,0.5699999928474426,58.0,2.087324380874634,0.0035406569950282574,0.0024351731408387423,-0.2338188886642456,9.999999747378752e-05,,,,115.0
183,-3.520697832107544,0.5899999737739563,58.0,2.071300506591797,0.0016055090818554163,0.002435584319755435,-1.5708929300308228,9.999999747378752e-05,,,,115.0
184,-3.47806453704834,0.6200000047683716,58.0,2.178201198577881,0.001718038460239768,0.0024301318917423487,-0.7768802642822266,9.999999747378752e-05,,,,115.0
185,-3.4474380016326904,0.6200000047683716,58.0,2.0982184410095215,0.006518951617181301,0.0024126272182911634,0.3337353765964508,9.999999747378752e-05,,,,115.0
186,-3.4162843227386475,0.6600000262260437,58.0,2.127443552017212,0.0012623723596334457,0.0023981158155947924,3.2531204223632812,9.999999747378752e-05,,,,115.0
187,-3.359405279159546,0.6899999976158142,58.0,2.147707462310791,0.0013051191344857216,0.0023951248731464148,1.0933690071105957,9.999999747378752e-05,,,,115.0
188,-3.3163442611694336,0.7200000286102295,58.0,1.9869801998138428,0.004774001426994801,0.0023789575789123774,-0.3578982353210449,9.999999747378752e-05,,,,115.0
189,-3.2797021865844727,0.7300000190734863,58.0,1.9822204113006592,0.0026991276536136866,0.0023721791803836823,-0.9227149486541748,9.999999747378752e-05,,,,115.0
190,-3.2312095165252686,0.7300000190734863,58.0,2.0137627124786377,0.0030685269739478827,0.002353891497477889,-0.0814833790063858,9.999999747378752e-05,,,,115.0
191,-3.198941707611084,0.7599999904632568,58.0,2.011185646057129,0.002402325626462698,0.002338939346373081,-0.4654878079891205,9.999999747378752e-05,,,,115.0
192,-3.1713955402374268,0.7699999809265137,58.0,1.999109148979187,0.0011753285070881248,0.002327654277905822,0.031116409227252007,9.999999747378752e-05,,,,115.0
193,-3.1411311626434326,0.7900000214576721,58.0,1.9949308633804321,0.009705755859613419,0.002317143836989999,-1.1551498174667358,9.999999747378752e-05,,,,115.0
194,-3.118699312210083,0.7900000214576721,58.0,1.9955188035964966,0.0020977745298296213,0.00231282995082438,2.0310401916503906,9.999999747378752e-05,,,,115.0
195,-3.102905035018921,0.7799999713897705,58.0,1.928532361984253,0.001434382051229477,0.002303621731698513,0.36953359842300415,9.999999747378752e-05,,,,115.0
196,-3.065086841583252,0.7699999809265137,58.0,1.8893003463745117,0.0031550885178148746,0.0023008640855550766,-2.2399933338165283,9.999999747378752e-05,,,,115.0
197,-3.0316970348358154,0.7900000214576721,58.0,1.8576422929763794,0.004489916376769543,0.0023029770236462355,2.206217050552368,9.999999747378752e-05,,,,115.0
198,-3.0251193046569824,0.7699999809265137,58.0,1.867193579673767,0.0030715670436620712,0.00229253014549613,0.6092736721038818,9.999999747378752e-05,,,,115.0
199,-3.011664628982544,0.75,58.0,1.9247769117355347,0.0021916632540524006,0.0022777209524065256,-0.5014296770095825,9.999999747378752e-05,,,,115.0
200,-2.994748115539551,0.7400000095367432,58.0,1.8140004873275757,0.0010352148674428463,0.0022641527466475964,1.5576084852218628,9.999999747378752e-05,,,,115.0
201,-2.974740982055664,0.7300000190734863,58.0,1.944496750831604,0.00426949467509985,0.0022650533355772495,-1.3565820455551147,9.999999747378752e-05,,,,115.0
202,-2.961210250854492,0.7400000095367432,58.0,1.8296163082122803,0.0021406866144388914,0.002255258848890662,-1.5355972051620483,9.999999747378752e-05,,,,115.0
203,-2.9427363872528076,0.7400000095367432,58.0,1.8259737491607666,0.0007990888552740216,0.002240361412987113,0.18254241347312927,9.999999747378752e-05,,,,115.0
204,-2.927374839782715,0.7400000095367432,58.0,1.8156695365905762,0.004426594823598862,0.0022407984361052513,-0.4976649880409241,9.999999747378752e-05,,,,115.0
205,-2.901454210281372,0.75,58.0,1.8456224203109741,0.0014127388130873442,0.0022239265963435173,-1.131307601928711,9.999999747378752e-05,,,,115.0
206,-2.8968145847320557,0.7400000095367432,58.0,1.70181143283844,0.005502613261342049,0.002222106559202075,-0.4300433397293091,9.999999747378752e-05,,,,115.0
207,-2.8844964504241943,0.7300000190734863,58.0,1.676300048828125,0.003974037244915962,0.002207831246778369,-0.39880630373954773,9.999999747378752e-05,,,,115.0
208,-2.8652803897857666,0.7400000095367432,58.0,1.727449893951416,0.001488934038206935,0.002200579969212413,-2.5653469562530518,9.999999747378752e-05,,,,115.0
209,-2.8536922931671143,0.7400000095367432,58.0,1.7776867151260376,0.0026450036093592644,0.0021808473393321037,-0.4520591199398041,9.999999747378752e-05,,,,115.0
210,-2.832066297531128,0.75,58.0,1.7329177856445312,0.002186913974583149,0.0021863337606191635,-1.9795150756835938,9.999999747378752e-05,,,,115.0
211,-2.829677104949951,0.7300000190734863,58.0,1.7335360050201416,0.0012094492558389902,0.002192598767578602,1.1877845525741577,9.999999747378752e-05,,,,115.0
212,-2.8248653411865234,0.7300000190734863,58.0,1.8120651245117188,0.0011894891504198313,0.0021781339310109615,-0.42198646068573,9.999999747378752e-05,,,,115.0
213,-2.813924789428711,0.7300000190734863,58.0,1.7634676694869995,0.006351386196911335,0.002173256827518344,3.2561700344085693,9.999999747378752e-05,,,,115.0
214,-2.806675434112549,0.75,58.0,1.6010390520095825,0.0033812832552939653,0.0021604602225124836,-1.4445345401763916,9.999999747378752e-05,,,,115.0
215,-2.800525665283203,0.75,58.0,1.6510252952575684,0.0024765077978372574,0.0021500014699995518,-2.44889235496521,9.999999747378752e-05,,,,115.0
216,-2.793550491333008,0.75,58.0,1.6386507749557495,0.00173022854141891,0.00214895186945796,1.4936256408691406,9.999999747378752e-05,,,,115.0
217,-2.7733418941497803,0.75,58.0,1.7347723245620728,0.007246772758662701,0.002147423569113016,1.3929405212402344,9.999999747378752e-05,,,,115.0
218,-2.773265838623047,0.7699999809265137,58.0,1.5598375797271729,0.0009043003083206713,0.0021496755070984364,-1.5276966094970703,9.999999747378752e-05,,,,115.0
219,-2.785181760787964,0.75,58.0,1.598806381225586,0.0018815456423908472,0.0021234459709376097,-2.6353158950805664,9.999999747378752e-05,,,,115.0
220,-2.766726016998291,0.7599999904632568,58.0,1.7391082048416138,0.0033641343470662832,0.0021101797465234995,1.1271922588348389,9.999999747378752e-05,,,,115.0
221,-2.7723193168640137,0.7799999713897705,57.0,1.6250280141830444,0.0009074833360500634,0.0021031228825449944,-0.9725371599197388,9.999999747378752e-05,,,,115.0
222,-2.7670323848724365,0.7699999809265137,57.0,1.5914314985275269,0.001394140999764204,0.0020941246766597033,0.5248180031776428,9.999999747378752e-05,,,,115.0
223,-2.754470109939575,0.7799999713897705,57.0,1.5838050842285156,0.010239167138934135,0.00208175927400589,1.043081283569336,9.999999747378752e-05,,,,115.0
224,-2.752016305923462,0.7900000214576721,57.0,1.6563721895217896,0.0022090456914156675,0.00205875257961452,1.0858142375946045,9.999999747378752e-05,,,,115.0
225,-2.7633073329925537,0.800000011920929,58.0,1.538427710533142,0.0011425407137721777,0.0020435573533177376,-0.35200589895248413,9.999999747378752e-05,,,,115.0
226,-2.762770891189575,0.8100000023841858,57.0,1.605958104133606,0.001701451139524579,0.002025889465585351,1.2090297937393188,9.999999747378752e-05,,,,115.0
227,-2.762190580368042,0.8100000023841858,58.0,1.6498628854751587,0.0026334277354180813,0.0020099396351724863,1.109017252922058,9.999999747378752e-05,,,,115.0
228,-2.7563111782073975,0.800000011920929,57.0,1.4262315034866333,0.0013982283417135477,0.001993525307625532,-2.4117157459259033,9.999999747378752e-05,,,,115.0
229,-2.7451865673065186,0.8100000023841858,58.0,1.5758953094482422,0.0029029042925685644,0.001979766646400094,0.8585625886917114,9.999999747378752e-05,,,,115.0
230,-2.735961437225342,0.8100000023841858,57.0,1.5532482862472534,0.0028721895068883896,0.001980398315936327,0.7569842338562012,9.999999747378752e-05,,,,115.0
231,-2.7116878032684326,0.8299999833106995,58.0,1.5102519989013672,0.0007859799079596996,0.0019851482938975096,-0.6137080788612366,9.999999747378752e-05,,,,115.0
232,-2.6919162273406982,0.8399999737739563,57.0,1.458639144897461,0.0011752248974516988,0.0019688736647367477,-2.7726335525512695,9.999999747378752e-05,,,,115.0
233,-2.6675498485565186,0.8399999737739563,58.0,1.4275208711624146,0.0008058950188569725,0.0019542176742106676,-0.21593962609767914,9.999999747378752e-05,,,,115.0
234,-2.644697427749634,0.8399999737739563,57.0,1.6273193359375,0.0030407807789742947,0.001947294338606298,0.846138596534729,9.999999747378752e-05,,,,115.0
235,-2.6529979705810547,0.8500000238418579,58.0,1.4826446771621704,0.0013142955722287297,0.0019347475608810782,-0.7215901017189026,9.999999747378752e-05,,,,115.0
236,-2.6403567790985107,0.8600000143051147,57.0,1.392687439918518,0.0009187139803543687,0.0019255558727309108,-1.282936930656433,9.999999747378752e-05,,,,115.0
237,-2.6369335651397705,0.8700000047683716,58.0,1.6054719686508179,0.0007353569963015616,0.001916951616294682,-0.6913209557533264,9.999999747378752e-05,,,,115.0
238,-2.6382336616516113,0.8600000143051147,58.0,1.4586385488510132,0.0030326941050589085,0.001898124348372221,0.16449791193008423,9.999999747378752e-05,,,,115.0
239,-2.6290059089660645,0.8500000238418579,58.0,1.4729622602462769,0.0017774077132344246,0.0018987570656463504,-0.4324449896812439,9.999999747378752e-05,,,,115.0
240,-2.633195638656616,0.8399999737739563,58.0,1.5115963220596313,0.002252994105219841,0.0018967436626553535,0.753150999546051,9.999999747378752e-05,,,,115.0
241,-2.6254665851593018,0.8399999737739563,58.0,1.472780466079712,0.0012510071974247694,0.0018963972106575966,-0.7019040584564209,9.999999747378752e-05,,,,115.0
242,-2.613036632537842,0.8500000238418579,58.0,1.4954948425292969,0.0012642969377338886,0.0018914095126092434,0.23067744076251984,9.999999747378752e-05,,,,115.0
243,-2.6045987606048584,0.8500000238418579,58.0,1.4540386199951172,0.0010373663390055299,0.0018859447445720434,0.19103294610977173,9.999999747378752e-05,,,,115.0
244,-2.5755279064178467,0.8500000238418579,58.0,1.5129929780960083,0.0014261305332183838,0.0018604750512167811,0.8672890067100525,9.999999747378752e-05,,,,115.0
245,-2.577655792236328,0.8600000143051147,58.0,1.4980157613754272,0.0014767824904993176,0.0018619811162352562,0.9357447624206543,9.999999747378752e-05,,,,115.0
246,-2.566911220550537,0.8600000143051147,58.0,1.5119924545288086,0.0038956862408667803,0.0018601531628519297,1.0318633317947388,9.999999747378752e-05,,,,115.0
247,-2.56415057182312,0.8600000143051147,58.0,1.4128261804580688,0.000538679538294673,0.0018532871035858989,-1.508568286895752,9.999999747378752e-05,,,,115.0
248,-2.5548312664031982,0.8700000047683716,58.0,1.5091891288757324,0.0006943049374967813,0.0018400909611955285,-0.527635931968689,9.999999747378752e-05,,,,115.0
249,-2.545412302017212,0.8799999952316284,58.0,1.4093469381332397,0.004286071285605431,0.0018378497334197164,-1.819071888923645,9.999999747378752e-05,,,,115.0
250,-2.5268516540527344,0.8899999856948853,58.0,1.4617125988006592,0.0006540993927046657,0.001822549500502646,0.8529492020606995,9.999999747378752e-05,,,,115.0
251,-2.5069403648376465,0.8999999761581421,58.0,1.3713414669036865,0.0019507722463458776,0.0018211394781246781,0.5595598220825195,9.999999747378752e-05,,,,115.0
252,-2.4874722957611084,0.8999999761581421,58.0,1.402417778968811,0.0005856031784787774,0.0018204848747700453,-0.9942082166671753,9.999999747378752e-05,,,,115.0
253,-2.4822399616241455,0.9200000166893005,58.0,1.5030885934829712,0.002260818611830473,0.001811871537938714,-0.5385497808456421,9.999999747378752e-05,,,,115.0
254,-2.47025465965271,0.9300000071525574,58.0,1.5110833644866943,0.0008764094673097134,0.0018049461068585515,0.11496196687221527,9.999999747378752e-05,,,,115.0
255,-2.4619221687316895,0.9200000166893005,58.0,1.4740712642669678,0.0013211892219260335,0.001802493236027658,2.2956602573394775,9.999999747378752e-05,,,,115.0
256,-2.4621963500976562,0.9200000166893005,58.0,1.4799081087112427,0.001078423229046166,0.0017955019138753414,3.290494203567505,9.999999747378752e-05,,,,115.0
257,-2.4666595458984375,0.9100000262260437,58.0,1.4659364223480225,0.0021544978953897953,0.0017850453732535243,-0.8780401945114136,9.999999747378752e-05,,,,115.0
258,-2.472933292388916,0.9100000262260437,58.0,1.409102439880371,0.0012488909997045994,0.0017872615717351437,1.6420421600341797,9.999999747378752e-05,,,,115.0
259,-2.4682974815368652,0.9100000262260437,58.0,1.45945405960083,0.0006365610752254725,0.0017719429451972246,-0.3094749450683594,9.999999747378752e-05,,,,115.0
260,-2.444016456604004,0.9100000262260437,58.0,1.422294020652771,0.0008432618342339993,0.001771162380464375,0.6501345634460449,9.999999747378752e-05,,,,115.0
261,-2.443424940109253,0.9200000166893005,58.0,1.4112926721572876,0.012187844142317772,0.0017633078387007117,0.41069918870925903,9.999999747378752e-05,,,,115.0
262,-2.431579828262329,0.9100000262260437,58.0,1.418134331703186,0.002355157397687435,0.0017685125349089503,-0.2797733247280121,9.999999747378752e-05,,,,115.0
263,-2.4231128692626953,0.9200000166893005,58.0,1.3978321552276611,0.0005476133665069938,0.0017593747470527887,-3.6388843059539795,9.999999747378752e-05,,,,115.0
264,-2.4195330142974854,0.9300000071525574,58.0,1.3262704610824585,0.0009335073991678655,0.0017597530968487263,-0.6698782444000244,9.999999747378752e-05,,,,115.0
265,-2.4102632999420166,0.9399999976158142,58.0,1.3319300413131714,0.0007897757459431887,0.0017448810394853354,-1.3437678813934326,9.999999747378752e-05,,,,115.0
266,-2.410240411758423,0.9399999976158142,58.0,1.504374623298645,0.012024756520986557,0.0017324128421023488,1.3364044427871704,9.999999747378752e-05,,,,115.0
267,-2.4171435832977295,0.9300000071525574,58.0,1.2991752624511719,0.0004449113621376455,0.0017313302960246801,-1.780333399772644,9.999999747378752e-05,,,,115.0
268,-2.4160194396972656,0.9300000071525574,58.0,1.3754498958587646,0.0020586978644132614,0.0017244669143110514,0.018617859110236168,9.999999747378752e-05,,,,115.0
269,-2.413210153579712,0.949999988079071,58.0,1.358311414718628,0.0008849410805851221,0.001721473061479628,-0.13265380263328552,9.999999747378752e-05,,,,115.0
270,-2.4013020992279053,0.949999988079071,58.0,1.3855254650115967,0.002369113266468048,0.0017118550604209304,0.7335197329521179,9.999999747378752e-05,,,,115.0
271,-2.3889920711517334,0.949999988079071,58.0,1.262037992477417,0.0026772217825055122,0.0017040284583345056,-1.929591178894043,9.999999747378752e-05,,,,115.0
272,-2.379058599472046,0.9599999785423279,58.0,1.3350741863250732,0.0007703604642301798,0.0016991642769426107,1.8924282789230347,9.999999747378752e-05,,,,115.0
273,-2.371089220046997,0.9599999785423279,58.0,1.414777398109436,0.00045622314792126417,0.0016944786766543984,0.6059605479240417,9.999999747378752e-05,,,,115.0
274,-2.3599305152893066,0.9599999785423279,58.0,1.3546621799468994,0.0005290134577080607,0.0016908538527786732,2.097121238708496,9.999999747378752e-05,,,,115.0
275,-2.353764533996582,0.9599999785423279,58.0,1.3140712976455688,0.0007059733616188169,0.001674567349255085,-0.9891813397407532,9.999999747378752e-05,,,,115.0
276,-2.3556995391845703,0.9399999976158142,58.0,1.3760647773742676,0.0021503595635294914,0.0016679298132658005,-0.36108237504959106,9.999999747378752e-05,,,,115.0
277,-2.3515677452087402,0.9399999976158142,58.0,1.3301074504852295,0.0008465986466035247,0.001675513107329607,-0.2911791503429413,9.999999747378752e-05,,,,115.0
278,-2.3399202823638916,0.9399999976158142,58.0,1.2553682327270508,0.00146671780385077,0.0016655988292768598,0.22413474321365356,9.999999747378752e-05,,,,115.0
279,-2.3391480445861816,0.9399999976158142,58.0,1.4326080083847046,0.0021280364599078894,0.0016650889301672578,-0.20779277384281158,9.999999747378752e-05,,,,115.0
280,-2.3306941986083984,0.949999988079071,58.0,1.3255770206451416,0.0005785847897641361,0.0016667983727529645,-1.9315056800842285,9.999999747378752e-05,,,,115.0
281,-2.331155300140381,0.949999988079071,58.0,1.3219305276870728,0.0008699935278855264,0.0016552838496863842,-0.08197509497404099,9.999999747378752e-05,,,,115.0
282,-2.316485643386841,0.949999988079071,58.0,1.3019076585769653,0.0016904594376683235,0.0016546965343877673,0.7495297193527222,9.999999747378752e-05,,,,115.0
283,-2.310011148452759,0.949999988079071,58.0,1.356129765510559,0.0030868228059262037,0.0016503154765814543,-0.6023482084274292,9.999999747378752e-05,,,,115.0
284,-2.3096625804901123,0.949999988079071,58.0,1.2738837003707886,0.0009332488989457488,0.0016398635925725102,0.28194257616996765,9.999999747378752e-05,,,,115.0
285,-2.312455177307129,0.949999988079071,58.0,1.3093054294586182,0.0005453397752717137,0.0016458509489893913,-2.1617884635925293,9.999999747378752e-05,,,,115.0
286,-2.30185866355896,0.949999988079071,58.0,1.321871042251587,0.0007326007471419871,0.0016381707973778248,0.2789399027824402,9.999999747378752e-05,,,,115.0
287,-2.2935261726379395,0.949999988079071,58.0,1.2770026922225952,0.0011910414323210716,0.0016413077246397734,-0.503185510635376,9.999999747378752e-05,,,,115.0
288,-2.282827138900757,0.9399999976158142,58.0,1.2803062200546265,0.002690252847969532,0.0016434089047834277,0.40954890847206116,9.999999747378752e-05,,,,115.0
289,-2.2751595973968506,0.9399999976158142,58.0,1.3388091325759888,0.010447662323713303,0.0016277724644169211,0.28386929631233215,9.999999747378752e-05,,,,115.0
290,-2.2600884437561035,0.9399999976158142,58.0,1.332221508026123,0.0010928306728601456,0.0016176170902326703,3.545414447784424,9.999999747378752e-05,,,,115.0
291,-2.257331132888794,0.9399999976158142,58.0,1.280515432357788,0.0011361273936927319,0.0016156311612576246,-3.6202473640441895,9.999999747378752e-05,,,,115.0
292,-2.246837615966797,0.949999988079071,58.0,1.2976970672607422,0.0007562416139990091,0.001605708384886384,-1.0939395427703857,9.999999747378752e-05,,,,115.0
293,-2.2353434562683105,0.949999988079071,58.0,1.262065052986145,0.0012131138937547803,0.0015987963415682316,0.0228520967066288,9.999999747378752e-05,,,,115.0
294,-2.2420501708984375,0.949999988079071,58.0,1.2662889957427979,0.0014001799281686544,0.001586511847563088,-1.390777587890625,9.999999747378752e-05,,,,115.0
295,-2.2263970375061035,0.9399999976158142,58.0,1.3565270900726318,0.0007439071778208017,0.0015778779052197933,-0.49019721150398254,9.999999747378752e-05,,,,115.0
296,-2.2252774238586426,0.9399999976158142,58.0,1.2554155588150024,0.0008558303234167397,0.001571644563227892,1.3478426933288574,9.999999747378752e-05,,,,115.0
297,-2.2142863273620605,0.9399999976158142,58.0,1.2519290447235107,0.0024068807251751423,0.0015703898388892412,-0.12128448486328125,9.999999747378752e-05,,,,115.0
298,-2.206883668899536,0.9399999976158142,58.0,1.2726837396621704,0.00042759577627293766,0.001561399083584547,0.630996584892273,9.999999747378752e-05,,,,115.0
299,-2.19541335105896,0.9399999976158142,58.0,1.258065938949585,0.0028911693952977657,0.001551367691718042,0.40150153636932373,9.999999747378752e-05,,,,115.0
300,-2.1834867000579834,0.9399999976158142,58.0,1.3369042873382568,0.002286334987729788,0.0015539559535682201,1.9708940982818604,9.999999747378752e-05,,,,115.0
301,-2.174933433532715,0.9599999785423279,58.0,1.243309736251831,0.0031503955833613873,0.0015541189350187778,0.49605974555015564,9.999999747378752e-05,,,,115.0
302,-2.172719717025757,0.9599999785423279,58.0,1.3560407161712646,0.0013325691688805819,0.0015500558074563742,2.188861608505249,9.999999747378752e-05,,,,115.0
303,-2.179590940475464,0.9599999785423279,58.0,1.2792198657989502,0.003163066692650318,0.0015391216147691011,0.12085632234811783,9.999999747378752e-05,,,,115.0
304,-2.164386749267578,0.9599999785423279,58.0,1.2709823846817017,0.0005754446610808372,0.0015258417697623372,1.3539273738861084,9.999999747378752e-05,,,,115.0
305,-2.1623687744140625,0.9599999785423279,58.0,1.3587844371795654,0.0014367157127708197,0.0015268709976226091,1.4547358751296997,9.999999747378752e-05,,,,115.0
306,-2.162368059158325,0.9599999785423279,58.0,1.203818440437317,0.0019597604405134916,0.001515500363893807,1.1156654357910156,9.999999747378752e-05,,,,115.0
307,-2.162163496017456,0.9700000286102295,58.0,1.2598246335983276,0.007491379510611296,0.0015200012130662799,1.2510218620300293,9.999999747378752e-05,,,,115.0
308,-2.1661856174468994,0.9700000286102295,58.0,1.2934380769729614,0.0008079343824647367,0.0015192643040791154,2.003495693206787,9.999999747378752e-05,,,,115.0
309,-2.145094156265259,0.9700000286102295,58.0,1.2033231258392334,0.0006453177193179727,0.0015179875772446394,-1.379949927330017,9.999999747378752e-05,,,,115.0
310,-2.1333484649658203,0.9700000286102295,58.0,1.2764086723327637,0.0011645951308310032,0.0015096229035407305,-1.0582809448242188,9.999999747378752e-05,,,,115.0
311,-2.120131015777588,0.9599999785423279,58.0,1.2201728820800781,0.0009410195634700358,0.00149978615809232,-0.5210797786712646,9.999999747378752e-05,,,,115.0
312,-2.1197011470794678,0.9700000286102295,58.0,1.2915980815887451,0.0005789452698081732,0.0014960482949391007,0.5157454013824463,9.999999747378752e-05,,,,115.0
313,-2.122213363647461,0.9800000190734863,58.0,1.240940809249878,0.000708299339748919,0.0014892056351527572,0.7042686939239502,9.999999747378752e-05,,,,115.0
314,-2.1128225326538086,0.9800000190734863,58.0,1.2071164846420288,0.0012401731219142675,0.0014907069271430373,-0.06084609776735306,9.999999747378752e-05,,,,115.0
315,-2.1035807132720947,0.9800000190734863,58.0,1.2068102359771729,0.00402308814227581,0.001490409136749804,-0.4565495550632477,9.999999747378752e-05,,,,115.0
316,-2.0908291339874268,0.9800000190734863,58.0,1.2899657487869263,0.0006789435865357518,0.0014809529529884458,1.365506887435913,9.999999747378752e-05,,,,115.0
317,-2.082575559616089,0.9800000190734863,58.0,1.2050440311431885,0.0017371794674545527,0.0014753889990970492,-0.7894279360771179,9.999999747378752e-05,,,,115.0
318,-2.0694782733917236,0.9800000190734863,58.0,1.3146412372589111,0.0009560369071550667,0.0014721332117915154,-0.34276366233825684,9.999999747378752e-05,,,,115.0
319,-2.059596538543701,0.9700000286102295,58.0,1.194872260093689,0.0020772272255271673,0.001462919288314879,3.1145355701446533,9.999999747378752e-05,,,,115.0
320,-2.0694591999053955,0.9800000190734863,58.0,1.2297834157943726,0.002035452052950859,0.0014577454421669245,-1.023214340209961,9.999999747378752e-05,,,,115.0
321,-2.0590882301330566,0.9800000190734863,58.0,1.216371774673462,0.0007877100142650306,0.0014547727769240737,-0.41100016236305237,9.999999747378752e-05,,,,115.0
322,-2.0533835887908936,0.9800000190734863,58.0,1.2009087800979614,0.001816773321479559,0.0014536258531734347,-1.1615049839019775,9.999999747378752e-05,,,,115.0
323,-2.047945737838745,0.9700000286102295,58.0,1.152638554573059,0.0016864882782101631,0.0014542824355885386,0.160593643784523,9.999999747378752e-05,,,,115.0
324,-2.0553152561187744,0.9700000286102295,58.0,1.2319406270980835,0.0005181276937946677,0.0014562573051080108,0.40484654903411865,9.999999747378752e-05,,,,115.0
325,-2.0502851009368896,0.9700000286102295,58.0,1.2291641235351562,0.0007602892583236098,0.001455578370951116,-1.0645138025283813,9.999999747378752e-05,,,,115.0
326,-2.0379347801208496,0.9700000286102295,58.0,1.1984704732894897,0.0010508743580430746,0.0014556915266439319,0.3387499153614044,9.999999747378752e-05,,,,115.0
327,-2.0253195762634277,0.9700000286102295,58.0,1.258009672164917,0.0007680681301280856,0.0014464971609413624,-1.8096165657043457,9.999999747378752e-05,,,,115.0
328,-2.008646249771118,0.9700000286102295,58.0,1.195021152496338,0.0019855503924191,0.0014403563691303134,0.9490849375724792,9.999999747378752e-05,,,,115.0
329,-2.003636121749878,0.9700000286102295,58.0,1.1192079782485962,0.0010336998384445906,0.0014422847889363766,-1.0588679313659668,9.999999747378752e-05,,,,115.0
330,-2.0027828216552734,0.9700000286102295,58.0,1.118272304534912,0.006799335591495037,0.0014334607403725386,0.39324235916137695,9.999999747378752e-05,,,,115.0
331,-1.993632197380066,0.9700000286102295,58.0,1.1578178405761719,0.0007317706476897001,0.0014260472962632775,-0.2266167402267456,9.999999747378752e-05,,,,115.0
332,-1.9933860301971436,0.9700000286102295,58.0,1.1116409301757812,0.0004192809574306011,0.0014232402900233865,-4.785284996032715,9.999999747378752e-05,,,,115.0
